{"cameraMode":{"drawMode":0,"name":"Shaded","section":"Shading Mode"},"sceneLighting":true,"audioPlay":false,"sceneViewState":{"showFog":false,"showMaterialUpdate":false,"showSkybox":false,"showFlares":false,"showImageEffects":false,"showParticleSystems":false,"showVisualEffectGraphs":true,"m_FxEnabled":true},"in2DMode":false,"pivot":{"x":270.0223388671875,"y":198.37071228027345,"z":-119.35427856445313},"rotation":{"x":0.005999856628477573,"y":-0.005999856162816286,"z":0.000035999659303342924,"w":0.9999641180038452},"size":208.02896118164063,"orthographic":false}