{"cameraMode":{"drawMode":0,"name":"Shaded","section":"Shading Mode"},"sceneLighting":true,"audioPlay":false,"sceneViewState":{"showFog":false,"showMaterialUpdate":false,"showSkybox":false,"showFlares":false,"showImageEffects":false,"showParticleSystems":false,"showVisualEffectGraphs":true,"m_FxEnabled":true},"in2DMode":false,"pivot":{"x":68.11743927001953,"y":97.50421905517578,"z":-122.99095916748047},"rotation":{"x":0.005999856628477573,"y":-0.005999856162816286,"z":0.000035999659303342924,"w":0.9999641180038452},"size":67.21776580810547,"orthographic":false}